{"plot_order": ["icnt2", "s4_counter", "per", "pwm_data", "icnt1", "payload", "adc_data", "test_tm"], "current_time": 366.61324967239295, "x_range": [138.54443993968363, 458.49923994528245]}